<colors>

	<!-- Default colours -->
	<color name="HomeBkg">CCFFFFFF</color>
	<color name="BlocBkg">AAFFFFFF</color>
	<color name="BlocLine">22000000</color>
	<color name="UnfocusBkg">AAFFFFFF</color>
	<color name="ListIconBkg">AAFFFFFF</color>
	<color name="Icon">99000000</color>
	<color name="EpgProgress">10000000</color>
	<color name="EpgSeparator">55000000</color>
	<color name="TxtBkg">FFFFFFFF</color>
	<color name="TxtList">AA000000</color>
	<color name="TxtPos">FF000000</color>
	<color name="TxtTotalitems">AA000000</color>
	<color name="TxtTitle">55000000</color>
	<color name="TxtSub">AA000000</color>
	<color name="TxtPlot">AA000000</color>
	<color name="TxtInfo1">AA000000</color>
	<color name="TxtInfo2">AA000000</color>
	
	<!--old colors-->
	<color name="TextColor1">ffffffff</color>
	<color name="TextColor2">66ffffff</color>
	<color name="TextColor3">44ffffff</color>
	<color name="TextColor4">64000000</color>
	<color name="ShadowColor">44000000</color>
	<color name="OverlayColorFO">ffffffff</color>
	<color name="OverlayColorNF">55f1f1f1</color>
	<color name="SelectedColor">FFEB9E17</color>
	<color name="FanartDiffuse">22f1f1f1</color>
	<color name="DiffusePosterNF">58ffffff</color>
	<color name="HomeNF">44000000</color>
	
	<!-- Dialog colors -->
	<color name="DialogColor1">ffffffff</color>
	<color name="DialogColor2">66ffffff</color>
	<color name="DisabledColor">ffa10000</color>
	<color name="InvalidColor">ffa10000</color>
	<color name="DialogOverlayColorFO">ffffffff</color>
	<color name="DialogOverlayColorNF">55f1f1f1</color>

</colors>