<?xml version='1.0' encoding='UTF-8'?>
<shortcuts>
	<shortcut>
		<action>PowerDown</action>
		<label>Power off</label>
		<label2>32054</label2>
		<defaultID>power-off</defaultID>
		<icon>DefaultShortcut.png</icon>
		<thumb />
		<visible>System.CanPowerDown</visible>
	</shortcut>
	<shortcut>
		<action>Reboot</action>
		<label>13013</label>
		<label2>32054</label2>
		<defaultID>13013</defaultID>
		<icon>DefaultShortcut.png</icon>
		<visible>System.CanReboot</visible>
		<thumb />
	</shortcut>
	<shortcut>
		<action>Quit</action>
		<label>13009</label>
		<label2>32054</label2>
		<defaultID>13009</defaultID>
		<icon>DefaultShortcut.png</icon>
		<thumb />
	</shortcut>
	<shortcut>
		<action>Hibernate</action>
		<label>13010</label>
		<label2>32054</label2>
		<defaultID>13010</defaultID>
		<icon>DefaultShortcut.png</icon>
		<visible>System.CanHibernate</visible>
		<thumb />
	</shortcut>
	<shortcut>
		<action>Suspend</action>
		<label>13011</label>
		<label2>32054</label2>
		<defaultID>13011</defaultID>
		<icon>DefaultShortcut.png</icon>
		<visible>System.CanSuspend</visible>
		<thumb />
	</shortcut>
</shortcuts>
