<?xml version="1.0" encoding="UTF-8"?>
<template>

	<other include="viewtype">
		<condition tag="property" attribute="name|viewtype" />
		<property attribute="name|widgetPath" tag="property" name="path"/>
		<property attribute="name|widgetTarget" tag="property" name="target"/>
		<property name="target"/>
	    <property name="compprefix" tag="property" attribute="name|viewtype" />
	    <property name="id" tag="mainmenuid" />

		<controls>

			<control type="group">
				<skinshortcuts>visibility</skinshortcuts>
				<include name="HOMViewtype">
					<param name="Id" value="80$SKINSHORTCUTS[id]" />
					<param name="CompPrefix" value="$SKINSHORTCUTS[compprefix]" />
					<param name="Target" value="$SKINSHORTCUTS[target]" />
					<param name="Path" value="$SKINSHORTCUTS[path]" />
				</include>
			</control>

		</controls>
	</other>

	<other include="cyclingbg">
		<property name="background" tag="property" attribute="name|background" />
		<controls> 
			<control type="multiimage">
				<skinshortcuts>visibility</skinshortcuts>
				<aspectratio>scale</aspectratio>
				<imagepath>$SKINSHORTCUTS[background]</imagepath>
				<timeperimage>5000</timeperimage>
				<fadetime>2000</fadetime>
				<pauseatend>10000</pauseatend>
				<randomize>true</randomize>
			</control>
		</controls>
	</other>

</template>
