<?xml version="1.0" encoding="UTF-8"?>
<window>

	<!-- Player Controls -->
	<defaultcontrol always="true">9000,3</defaultcontrol>
	<onload>SetProperty(SidebarPos,$INFO[Skin.String(HOM.View1.BBSidebar)],Home)</onload>
	<onload>SetProperty(DialogPos,$INFO[Skin.String(HOM.View1.DIAPanel)],Home)</onload>	
	<onload>SetProperty(CompPrefix,HOM.View1,Home)</onload>	
	<onunload>SetProperty(SidebarPos,$INFO[Skin.String(HOM.View1.BBSidebar)],Home)</onunload>
	<onunload>SetProperty(DialogPos,$INFO[Skin.String(HOM.View1.DIAPanel)],Home)</onunload>	
	<onunload>SetProperty(CompPrefix,HOM.View1,Home)</onunload>	
	<zorder>3</zorder>

	<controls>
		<control type="group">
			<visible>Player.HasMedia + Window.IsActive(PlayerControls)</visible>	
			<control type="grouplist">
				<include condition="Skin.String(HOM.View1.BBLay,VERTICAL) + !Skin.HasSetting(ForceOSDBottom)">OSDV</include>
				<include condition="Skin.String(HOM.View1.BBLay,HORIZONTAL) | Skin.HasSetting(ForceOSDBottom)">OSDH</include>
				<visible>!Window.IsVisible(fullscreeninfo)</visible>
				<control type="list" id="9000">
					<focusposition>0</focusposition>
					<scrolltime>200</scrolltime>
					<include condition="Skin.String(HOM.View1.BBLay,VERTICAL) + !Skin.HasSetting(ForceOSDBottom)">OSDVMenu</include>
					<include condition="Skin.String(HOM.View1.BBLay,HORIZONTAL) | Skin.HasSetting(ForceOSDBottom)">OSDHMenu</include>
					<animation effect="slide" start="0,0" end="1800,0" time="0" condition="Skin.String(HOM.View1.BBSidebar,RIGHT) + !Skin.HasSetting(ForceOSDBottom)">Conditional</animation>
					<animation effect="slide" start="0,0" end="0,960" time="0" condition="Skin.String(HOM.View1.BBSidebar,BOTTOM) | Skin.HasSetting(ForceOSDBottom)">Conditional</animation>

					<itemlayout width="80" height="80">
						<control type="image">
							<left>15</left>
							<top>15</top>
							<width>50</width>
							<height>50</height>
							<align>center</align>
							<aspectratio>keep</aspectratio>
							<texture colordiffuse="$INFO[Skin.String(Color.SBIconNF)]">$INFO[ListItem.Icon]</texture>
						</control>
					</itemlayout>

					<focusedlayout width="80" height="80">
						<control type="button">
							<texturefocus></texturefocus>
							<texturenofocus></texturenofocus>
							<onfocus>SetProperty(MenuID,$INFO[Container(9000).ListItem.Label])</onfocus>
							<onfocus>SetProperty(MenuIcon,$INFO[Container(9000).ListItem.Icon])</onfocus>
							<onfocus>SetProperty(MenuCategory,$INFO[Container(9000).ListItem.Property(LabelID)])</onfocus>
						</control>
						<control type="image">
							<left>15</left>
							<top>15</top>
							<width>50</width>
							<height>50</height>
							<align>center</align>
							<aspectratio>keep</aspectratio>
							<texture colordiffuse="$VAR[CategoryColor]">$INFO[ListItem.Icon]</texture>
						</control>
					</focusedlayout>
					<content>
						<item id="1">
							<label>-</label>
							<icon>osd/skipprevious.png</icon>
							<onclick>PlayerControl(Previous)</onclick>
						</item>			
						<item id="2">
							<label>-</label>
							<icon>osd/rewind.png</icon>
							<onclick>PlayerControl(Rewind)</onclick>
						</item>		
						<item id="3">
							<label>-</label>
							<icon>osd/play.png</icon>
							<onclick>PlayerControl(Play)</onclick>
						</item>
						<item id="4">
							<label>-</label>
							<icon>osd/stop.png</icon>
							<onclick>PlayerControl(Stop)</onclick>
						</item>
						<item id="5">
							<label>-</label>
							<icon>osd/ffwd.png</icon>
							<onclick>PlayerControl(Forward)</onclick>
						</item>	
						<item id="6">
							<label>-</label>
							<icon>osd/skipnext.png</icon>
							<onclick>PlayerControl(Next)</onclick>
						</item>						
					</content>
				</control>

				<control type="list" id="9001">
					<focusposition>0</focusposition>
					<scrolltime>200</scrolltime>
					<include condition="Skin.String(HOM.View1.BBLay,VERTICAL) + !Skin.HasSetting(ForceOSDBottom)">OSDVMenu</include>
					<include condition="Skin.String(HOM.View1.BBLay,HORIZONTAL) | Skin.HasSetting(ForceOSDBottom)">OSDHMenu</include>
					<animation effect="slide" start="0,0" end="1800,0" time="0" condition="Skin.String(HOM.View1.BBSidebar,RIGHT) + !Skin.HasSetting(ForceOSDBottom)">Conditional</animation>
					<animation effect="slide" start="0,0" end="0,960" time="0" condition="Skin.String(HOM.View1.BBSidebar,BOTTOM) | Skin.HasSetting(ForceOSDBottom)">Conditional</animation>

					<itemlayout width="80" height="80">
						<control type="image">
							<left>15</left>
							<top>15</top>
							<width>50</width>
							<height>50</height>
							<align>center</align>
							<aspectratio>keep</aspectratio>
							<texture colordiffuse="$INFO[Skin.String(Color.SBIconNF)]">$INFO[ListItem.Icon]</texture>
						</control>
					</itemlayout>

					<focusedlayout width="80" height="80">
						<control type="button">
							<texturefocus></texturefocus>
							<texturenofocus></texturenofocus>
							<onfocus>SetProperty(MenuID,$INFO[Container(9000).ListItem.Label])</onfocus>
							<onfocus>SetProperty(MenuIcon,$INFO[Container(9000).ListItem.Icon])</onfocus>
							<onfocus>SetProperty(MenuCategory,$INFO[Container(9000).ListItem.Property(LabelID)])</onfocus>
						</control>
						<control type="image">
							<left>15</left>
							<top>15</top>
							<width>50</width>
							<height>50</height>
							<align>center</align>
							<aspectratio>keep</aspectratio>
							<texture colordiffuse="$VAR[CategoryColor]">$INFO[ListItem.Icon]</texture>
						</control>
					</focusedlayout>
					<content>
						<!-- Infos -->
						<item id="1">
							<label>36501</label>
							<icon>material/info1.png</icon>
							<onclick>ActivateWindow(fullscreeninfo)</onclick>
						</item>
						<!-- Repeat One ON -->					
						<item id="2">
							<label>486</label>
							<icon>osd/repeaton.png</icon>
							<onclick>PlayerControl(Repeat)</onclick>
							<visible>Playlist.IsRepeat</visible>
						</item>
						<item id="3">
							<label>486</label>
							<icon>osd/repeatone.png</icon>
							<onclick>PlayerControl(Repeat)</onclick>
							<visible>Playlist.IsRepeatOne</visible>
						</item>
						<!-- Repeat OFF -->					
						<item id="4">
							<label>486</label>
							<icon>osd/repeatoff.png</icon>
							<onclick>PlayerControl(Repeat)</onclick>
							<visible>!Playlist.IsRepeat + !Playlist.IsRepeatOne</visible>
						</item>
						<!-- Random -->					
						<item id="5">
							<label>590</label>
							<icon>osd/randomon.png</icon>
							<onclick>PlayerControl(Random)</onclick>
							<visible>Player.IsRandom</visible>
						</item>
						<!-- Random -->					
						<item id="6">
							<label>590</label>
							<icon>osd/randomoff.png</icon>
							<onclick>PlayerControl(Random)</onclick>
							<visible>!Player.IsRandom</visible>
						</item>
					</content>
				</control>	
			</control>
		</control>
	</controls>
</window>