<?xml version="1.0" encoding="UTF-8"?>
<window type="dialog">
	<defaultcontrol always="true">4012</defaultcontrol>
	<onload>Dialog.Close(fullscreeninfo,true)</onload>
	<onload>Dialog.Close(videoosd,true)</onload>
	<animation type="WindowOpen" reversible="false">
		<effect type="slide" start="532,0" end="0,0" time="400"/>
		<effect type="fade" start="0" end="100" time="800"/>
	</animation>

	<controls>
		<control type="label" id="4000">
			<visible>false</visible>
		</control>
		<control type="image" id="4001">
			<visible>false</visible>
		</control>
		<control type="image" id="4002">
			<visible>false</visible>
		</control>
		<control type="label" id="4003">
			<visible>false</visible>
		</control>
		<control type="label" id="4004">
			<visible>false</visible>
		</control>
		<control type="image" id="4005">
			<visible>false</visible>
		</control>
		<control type="textbox" id="4006">
			<visible>false</visible>
		</control>
		<control type="image" id="4007">
			<visible>false</visible>
		</control>
		<control type="label" id="4008">
			<visible>false</visible>
		</control>
		<control type="label" id="4009">
			<visible>false</visible>
		</control>
		<control type="label" id="4010">
			<visible>false</visible>
		</control>
		<control type="label" id="4011">
			<visible>false</visible>
		</control>
		<control type="image" id="4014">
			<visible>false</visible>
		</control>
		<control type="label" id="4018">
			<visible>false</visible>
		</control>

		<control type="group">
			<right>132</right>
			<bottom>250</bottom>
			<width>400</width>
			<height>225</height>
			<!-- Episode thumb -->
			<control type="image">
				<right>0</right>
				<bottom>0</bottom>
				<height>225</height>
				<width>400</width>
				<aspectratio>scale</aspectratio>
				<texture colordiffuse="FF666666">$INFO[Control.GetLabel(4002)]</texture>
				<animation type="WindowOpen" reversible="false">
					<effect type="zoom" start="100,0" end="100,100" time="400" delay="2400" center="auto"/>
					<effect type="fade" start="0" end="100" time="400" delay="2400"/>
				</animation>
			</control>
			<!-- TvShow fanart -->
			<control type="image">
				<right>0</right>
				<bottom>0</bottom>
				<height>225</height>
				<width>400</width>
				<aspectratio>scale</aspectratio>
				<texture colordiffuse="FF666666">$INFO[Control.GetLabel(4007)]</texture>
				<animation type="WindowOpen" reversible="false">
					<effect type="zoom" start="100,100" end="100,100" time="2000"/>
					<effect type="zoom" start="100,100" end="100,0" time="400" delay="2000" center="auto"/>
					<effect type="fade" start="100" end="0" time="400" delay="2000"/>
				</animation>
			</control>

			<control type="button" id="4012">
				<left>100</left>
				<top>72</top>
				<width>120</width>
				<height>80</height>
				<align>center</align>
				<aligny>center</aligny>
				<texturefocus />
      			<texturenofocus />
      			<label>107</label>
      			<font>Font27R</font>
				<textcolor>$INFO[Skin.String(Color.B1Txt1F)]</textcolor>
				<focusedcolor>$INFO[Skin.String(Color.B1ItemF)]</focusedcolor>
				<onback>SendClick(4013)</onback>
				<onright>4013</onright>
			</control>

			<control type="button" id="4013">
				<right>100</right>
				<top>72</top>
				<width>120</width>
				<height>80</height>
				<align>center</align>
				<aligny>center</aligny>
				<texturefocus />
      			<texturenofocus />
      			<label>106</label>
      			<font>Font27R</font>
				<textcolor>$INFO[Skin.String(Color.B1Txt1F)]</textcolor>
				<focusedcolor>$INFO[Skin.String(Color.B1ItemF)]</focusedcolor>
				<onleft>4012</onleft>
			</control>

			<!-- Header Label -->
			<control type="label">
				<description>Next Up</description>
				<left>24</left>
				<top>-80</top>
				<height>80</height>
				<width>400</width>
				<align>left</align>
				<aligny>center</aligny>
				<font>Font36</font>
				<textcolor>$INFO[Skin.String(Color.B1Txt1F)]</textcolor>
				<shadowcolor>$INFO[Skin.String(Color.B1ItemNF)]</shadowcolor>
				<label>31253</label>
			</control>
		</control>		

		<control type="group">
			<right>132</right>
			<bottom>132</bottom>
			<width>518</width>
			<height>118</height>
			<animation effect="fade" start="0" end="100" time="200">WindowOpen</animation>
			<animation effect="fade" start="100" end="0" time="200" delay="400">WindowClose</animation>
			<visible>!IsEmpty(Skin.String(KOverInit))</visible>

			<!-- Background image -->
			<control type="image">
				<left>-15</left>
				<top>-15</top>
				<height>148</height>
				<width>534</width>
				<align>center</align>
				<texture border="16,16,16,16" colordiffuse="$INFO[Skin.String(Color.SBShadow)]">common/Shadow1.png</texture>
			</control>
			<control type="image">
				<left>0</left>
				<top>0</top>
				<height>118</height>
				<align>center</align>
				<texture colordiffuse="$VAR[CategoryColor2]">common/white.png</texture>
			</control>
			<control type="image">
				<left>0</left>
				<top>0</top>
				<height>118</height>
				<width>118</width>
				<align>center</align>
				<texture colordiffuse="$VAR[CategoryColor]">common/white.png</texture>
			</control>

			<!-- Info Icon -->
			<control type="image">
				<left>20</left>
				<top>20</top>
				<width>80</width>
				<height>80</height>
				<align>center</align>
				<aspectratio>keep</aspectratio>
				<colordiffuse>$INFO[Skin.String(Color.B1Txt1F)]</colordiffuse>
				<texture colordiffuse="FFFFFFFF">nextupicons/30.png</texture>
				<animation type="Focus">
					<effect type="zoom" start="90" end="100" time="150" tween="sine" easing="inout" center="auto" />
					<effect type="fade" start="0" end="100" time="150" tween="sine" easing="in" />
				</animation>
				<animation type="Unfocus">
					<effect type="zoom" start="100" end="90" time="150" tween="sine" easing="inout" center="auto" />
					<effect type="fade" start="100" end="0" time="150" tween="sine" easing="out" />
				</animation>
				<visible>IntegerGreaterThan(Player.TimeRemaining(ss),30)</visible>
			</control>
			<control type="image">
				<left>20</left>
				<top>20</top>
				<width>80</width>
				<height>80</height>
				<align>center</align>
				<aspectratio>keep</aspectratio>
				<colordiffuse>$INFO[Skin.String(Color.B1Txt1F)]</colordiffuse>
				<texture colordiffuse="FFFFFFFF">$INFO[Player.TimeRemaining(ss),nextupicons/,.png]</texture>
				<animation type="Focus">
					<effect type="zoom" start="90" end="100" time="150" tween="sine" easing="inout" center="auto" />
					<effect type="fade" start="0" end="100" time="150" tween="sine" easing="in" />
				</animation>
				<animation type="Unfocus">
					<effect type="zoom" start="100" end="90" time="150" tween="sine" easing="inout" center="auto" />
					<effect type="fade" start="100" end="0" time="150" tween="sine" easing="out" />
				</animation>
				<visible>!IntegerGreaterThan(Player.TimeRemaining(ss),30)</visible>
			</control>

			<!-- Heading -->
			<control type="label" id="4010">
				<left>142</left>
				<top>20</top>
				<width>352</width>
				<height>50</height>
				<align>left</align>
				<aligny>center</aligny>
				<font>Font27</font>
				<label>31251</label>
				<textcolor>$INFO[Skin.String(Color.DIATitle)]</textcolor>
			</control>

			<!-- Details -->
			<control type="label">
				<left>142</left>
				<top>50</top>
				<width>352</width>
				<height>50</height>
				<align>left</align>
				<aligny>center</aligny>
				<font>FontSmallR</font>
				<label>$INFO[Control.GetLabel(4008),Season , - ]$INFO[Control.GetLabel(4009),Episode ,]</label>
				<textcolor>$INFO[Skin.String(Color.DIATxtNF)]</textcolor>
			</control>

		</control>

	</controls>
</window>