<?xml version="1.0" encoding="UTF-8"?>
<window id="1102" type="dialog">
	<backgroundcolor>0x00000000</backgroundcolor>
	<defaultcontrol always="true">9000</defaultcontrol>
	<onload>Skin.Reset(CUSTOM1)</onload>
	<onload>Skin.Reset(CUSTOM2)</onload>
	<onload>Skin.Reset(CUSTOM3)</onload>
	<onload>Skin.Reset(CUSTOM4)</onload>
	<onload>Skin.Reset(CUSTOM5)</onload>
	<onload>Skin.Reset(CUSTOM6)</onload>
	<onload>AlarmClock(CheckingFile,reloadskin,00:06,silent)</onload>
	<onload condition="Window.IsVisible(1101)">RunScript(script.skin.helper.service,action=fileexists,file=special://skin/16x9/Designer_CustomList1.xml,skinstring=CUSTOM1,windowprop=CUSTOM1)</onload>
	<onload condition="Window.IsVisible(1101)">RunScript(script.skin.helper.service,action=fileexists,file=special://skin/16x9/Designer_CustomList2.xml,skinstring=CUSTOM2,windowprop=CUSTOM2)</onload>
	<onload condition="Window.IsVisible(1101)">RunScript(script.skin.helper.service,action=fileexists,file=special://skin/16x9/Designer_CustomList3.xml,skinstring=CUSTOM3,windowprop=CUSTOM3)</onload>
	<onload condition="Window.IsVisible(1101)">RunScript(script.skin.helper.service,action=fileexists,file=special://skin/16x9/Designer_CustomList4.xml,skinstring=CUSTOM4,windowprop=CUSTOM4)</onload>
	<onload condition="Window.IsVisible(1101)">RunScript(script.skin.helper.service,action=fileexists,file=special://skin/16x9/Designer_CustomList5.xml,skinstring=CUSTOM5,windowprop=CUSTOM5)</onload>
	<onload condition="Window.IsVisible(1101)">RunScript(script.skin.helper.service,action=fileexists,file=special://skin/16x9/Designer_CustomList6.xml,skinstring=CUSTOM6,windowprop=CUSTOM6)</onload>

	<onload condition="IsEmpty(Window(Home).Property(DialogVisibility)) + IsEmpty(Window(Home).Property(DialogVisibility2))">SetProperty(DialogVisibility,$INFO[Window.Property(xmlfile)]1,Home)</onload>
	<onload condition="!IsEmpty(Window(Home).Property(DialogVisibility)) + IsEmpty(Window(Home).Property(DialogVisibility2))">SetProperty(DialogVisibility2,$INFO[Window.Property(xmlfile)]2,Home)</onload>
	<onload condition="!IsEmpty(Window(Home).Property(DialogVisibility2)) + IsEmpty(Window(Home).Property(DialogVisibility3))">SetProperty(DialogVisibility3,$INFO[Window.Property(xmlfile)]3,Home)</onload>
	<onload condition="!IsEmpty(Window(Home).Property(DialogVisibility3)) + IsEmpty(Window(Home).Property(DialogVisibility4))">SetProperty(DialogVisibility4,$INFO[Window.Property(xmlfile)]4,Home)</onload>
	<onload condition="!IsEmpty(Window(Home).Property(DialogVisibility4)) + IsEmpty(Window(Home).Property(DialogVisibility5))">SetProperty(DialogVisibility5,$INFO[Window.Property(xmlfile)]5,Home)</onload>
	<onunload condition="IsEmpty(Window(Home).Property(DialogVisibility2)) + SubString(Window(Home).Property(DialogVisibility),ListCheck) + SubString(Window(Home).Property(DialogVisibility),$NUMBER[1])">ClearProperty(DialogVisibility,Home)</onunload>
	<onunload condition="IsEmpty(Window(Home).Property(DialogVisibility3)) + SubString(Window(Home).Property(DialogVisibility2),ListCheck) + SubString(Window(Home).Property(DialogVisibility2),$NUMBER[2])">ClearProperty(DialogVisibility2,Home)</onunload>
	<onunload condition="IsEmpty(Window(Home).Property(DialogVisibility4)) + SubString(Window(Home).Property(DialogVisibility3),ListCheck) + SubString(Window(Home).Property(DialogVisibility3),$NUMBER[3])">ClearProperty(DialogVisibility3,Home)</onunload>
	<onunload condition="IsEmpty(Window(Home).Property(DialogVisibility5)) + SubString(Window(Home).Property(DialogVisibility4),ListCheck) + SubString(Window(Home).Property(DialogVisibility4),$NUMBER[4])">ClearProperty(DialogVisibility4,Home)</onunload>
	<onunload>ClearProperty(DialogVisibility5,Home)</onunload>
	
	<controls>
		
		<control type="group">
			<visible>[SubString(Window(Home).Property(DialogVisibility),ListCheck) + SubString(Window(Home).Property(DialogVisibility),$NUMBER[1]) + IsEmpty(Window(Home).Property(DialogVisibility2)) + IsEmpty(Window(Home).Property(DialogVisibility3)) + IsEmpty(Window(Home).Property(DialogVisibility4)) + IsEmpty(Window(Home).Property(DialogVisibility5))] | 
					[SubString(Window(Home).Property(DialogVisibility2),ListCheck) + SubString(Window(Home).Property(DialogVisibility2),$NUMBER[2]) + IsEmpty(Window(Home).Property(DialogVisibility3)) + IsEmpty(Window(Home).Property(DialogVisibility4)) + IsEmpty(Window(Home).Property(DialogVisibility5))] |
					[SubString(Window(Home).Property(DialogVisibility3),ListCheck) + SubString(Window(Home).Property(DialogVisibility3),$NUMBER[3]) + IsEmpty(Window(Home).Property(DialogVisibility4)) + IsEmpty(Window(Home).Property(DialogVisibility5))] |
					[SubString(Window(Home).Property(DialogVisibility4)ListCheck) + SubString(Window(Home).Property(DialogVisibility4),$NUMBER[4]) + IsEmpty(Window(Home).Property(DialogVisibility5))] |
					[SubString(Window(Home).Property(DialogVisibility5),ListCheck)  + SubString(Window(Home).Property(DialogVisibility5),$NUMBER[5])]</visible>
			
			<include name="DialogPOS">
				<param name="DialogName" value="DiaListCheck" />
			</include>

		</control>
	</controls>

</window>