<?xml version="1.0" encoding="UTF-8"?>
<includes>

	<variable name="BlocEditorTitle">
		<value condition="Control.HasFocus(9600)">$LOCALIZE[31237]</value>
		<value condition="Control.HasFocus(9700)">$LOCALIZE[31238]</value>
	</variable>

	<variable name="BlocEditorPopup">
		<value condition="Control.HasFocus(9600)">$LOCALIZE[31240]</value>
		<value condition="Control.HasFocus(9700)">$LOCALIZE[31241]</value>
	</variable>	

	<variable name="ExtendedContent">
		<value condition="StringCompare(Container(300).ListItem.Property(MenuID),Similar)">plugin://script.extendedinfo?info=similarmovies&amp;&amp;dbid=$INFO[ListItem.DBID]</value>
		<value condition="StringCompare(Container(300).ListItem.Property(MenuID),Director)">plugin://script.extendedinfo?info=directormovies&amp;&amp;director=$INFO[ListItem.Director]</value>
		<value condition="StringCompare(Container(300).ListItem.Property(MenuID),Cast) + IsEmpty(ListItem.Episode)">plugin://script.skin.helper.service/?action=getcast&amp;movie=$INFO[ListItem.DBID]&amp;downloadthumbs=true</value>
		<value condition="StringCompare(Container(300).ListItem.Property(MenuID),Cast) + !IsEmpty(ListItem.Episode) + !IsEmpty(ListItem.Property(NumEpisodes))">plugin://script.skin.helper.service/?action=getcast&amp;tvshow=$INFO[ListItem.DBID]&amp;downloadthumbs=true</value>
		<value condition="StringCompare(Container(300).ListItem.Property(MenuID),Cast) + !IsEmpty(ListItem.Episode) + IsEmpty(ListItem.Property(NumEpisodes))">plugin://script.skin.helper.service/?action=getcast&amp;episode=$INFO[ListItem.DBID]&amp;downloadthumbs=true</value>
	</variable>

	<variable name="ExtendedFallback">
		<value condition="StringCompare(Container(300).ListItem.Property(MenuID),Similar)">DefaultMovieTitle.png</value>
		<value condition="StringCompare(Container(300).ListItem.Property(MenuID),Director)">DefaultMovieTitle.png</value>
		<value condition="StringCompare(Container(300).ListItem.Property(MenuID),Cast)">DefaultActor.png</value>
	</variable>

	<variable name="HomePic">
		<value condition="StringCompare(Container(9000).ListItem.Property(viewtype),HOM.View1)">$INFO[Skin.String(HOM.View1.WPPic)]</value>
		<value condition="StringCompare(Container(9000).ListItem.Property(viewtype),HOM.View2)">$INFO[Skin.String(HOM.View2.WPPic)]</value>
		<value condition="StringCompare(Container(9000).ListItem.Property(viewtype),HOM.View3)">$INFO[Skin.String(HOM.View3.WPPic)]</value>
		<value condition="StringCompare(Container(9000).ListItem.Property(viewtype),HOM.View4)">$INFO[Skin.String(HOM.View4.WPPic)]</value>
		<value condition="StringCompare(Container(9000).ListItem.Property(viewtype),HOM.View5)">$INFO[Skin.String(HOM.View5.WPPic)]</value>
		<value condition="StringCompare(Container(9000).ListItem.Property(viewtype),HOM.View6)">$INFO[Skin.String(HOM.View6.WPPic)]</value>
		<value condition="StringCompare(Container(9000).ListItem.Property(viewtype),HOM.View7)">$INFO[Skin.String(HOM.View7.WPPic)]</value>
		<value condition="StringCompare(Container(9000).ListItem.Property(viewtype),HOM.View8)">$INFO[Skin.String(HOM.View8.WPPic)]</value>
		<value condition="StringCompare(Container(9000).ListItem.Property(viewtype),HOM.View9)">$INFO[Skin.String(HOM.View9.WPPic)]</value>
	</variable>

	<variable name="SettingsInfos">
		<value condition="Control.HasFocus(9000)">$INFO[Container(9000).ListItem.Label2]</value>
		<value condition="Control.HasFocus(9001)">$INFO[Container(9001).ListItem.Label2]</value>
		<value condition="Control.HasFocus(9002)">$INFO[Container(9002).ListItem.Label2]</value>
		<value condition="Control.HasFocus(9101)">$LOCALIZE[31173]</value>
		<value condition="Control.HasFocus(9103)">$LOCALIZE[31174]</value>
		<value condition="Control.HasFocus(9104)">$LOCALIZE[31175]</value>
		<value condition="Control.HasFocus(9105)">$LOCALIZE[31176]</value>

		<value condition="Control.HasFocus(9106)">$LOCALIZE[31211]</value>
		<value condition="Control.HasFocus(9107)">$LOCALIZE[31212]</value>

		<value condition="Control.HasFocus(9112)">$LOCALIZE[31177]</value>
		<value condition="Control.HasFocus(9109)">$LOCALIZE[31209]</value>
		<value condition="Control.HasFocus(9110)">$LOCALIZE[31210]</value>
		<value condition="Control.HasFocus(9113)">$LOCALIZE[31236]</value>
		<value condition="Control.HasFocus(9202)">$LOCALIZE[31178]</value>
		<value condition="Control.HasFocus(9203)">$LOCALIZE[31179]</value>
		<value condition="Control.HasFocus(9206)">$LOCALIZE[31180]</value>
		<value condition="Control.HasFocus(9207)">$LOCALIZE[31181]</value>
		<value condition="Control.HasFocus(9208)">$LOCALIZE[31182]</value>

		<value condition="Control.HasFocus(9211)">$LOCALIZE[31213]</value>
		<value condition="Control.HasFocus(9212)">$LOCALIZE[31213]</value>
		<value condition="Control.HasFocus(9213)">$LOCALIZE[31213]</value>
		<value condition="Control.HasFocus(9214)">$LOCALIZE[31213]</value>

		<value condition="Control.HasFocus(9301)">$LOCALIZE[31183]</value>
		<value condition="Control.HasFocus(9303)">$LOCALIZE[31184]</value>
		<value condition="Control.HasFocus(9304)">$LOCALIZE[31185]</value>
		<value condition="Control.HasFocus(9305)">$LOCALIZE[31186]</value>

		<value condition="Control.HasFocus(9307)">$LOCALIZE[31214]</value>

		<value condition="Control.HasFocus(9309)">$LOCALIZE[31187]</value>
		<value condition="Control.HasFocus(9310)">$LOCALIZE[31188]</value>
		<value condition="Control.HasFocus(9311)">$LOCALIZE[31189]</value>
		<value condition="Control.HasFocus(9312)">$LOCALIZE[31190]</value>
		<value condition="Control.HasFocus(9313)">$LOCALIZE[31191]</value>
		<value condition="Control.HasFocus(9314)">$LOCALIZE[31192]</value>

		<value condition="Control.HasFocus(9401)">$LOCALIZE[31201]</value>
		<value condition="Control.HasFocus(9402)">$LOCALIZE[31202]</value>
		<value condition="Control.HasFocus(9403)">$LOCALIZE[31203]</value>
		<value condition="Control.HasFocus(9404)">$LOCALIZE[31246]</value>
		<value condition="Control.HasFocus(9405)">$LOCALIZE[31247]</value>
		<value condition="Control.HasFocus(9406)">$LOCALIZE[31250]</value>
	</variable>

	<variable name="ShortcutValue">
		<value condition="StringCompare(Container(300).ListItem.Label2,HOM.View1)">$INFO[Skin.String(HOM.View1.Name)]</value>
		<value condition="StringCompare(Container(300).ListItem.Label2,HOM.View2)">$INFO[Skin.String(HOM.View2.Name)]</value>
		<value condition="StringCompare(Container(300).ListItem.Label2,HOM.View3)">$INFO[Skin.String(HOM.View3.Name)]</value>
		<value condition="StringCompare(Container(300).ListItem.Label2,HOM.View4)">$INFO[Skin.String(HOM.View4.Name)]</value>
		<value condition="StringCompare(Container(300).ListItem.Label2,HOM.View5)">$INFO[Skin.String(HOM.View5.Name)]</value>
		<value condition="StringCompare(Container(300).ListItem.Label2,HOM.View6)">$INFO[Skin.String(HOM.View6.Name)]</value>
		<value condition="StringCompare(Container(300).ListItem.Label2,HOM.View7)">$INFO[Skin.String(HOM.View7.Name)]</value>
		<value condition="StringCompare(Container(300).ListItem.Label2,HOM.View8)">$INFO[Skin.String(HOM.View8.Name)]</value>
		<value condition="StringCompare(Container(300).ListItem.Label2,HOM.View9)">$INFO[Skin.String(HOM.View9.Name)]</value>
		<value condition="!IsEmpty(Container(300).ListItem.Label2)">$INFO[Container(300).ListItem.Label2]</value>
		<value>$LOCALIZE[504]</value>
	</variable>	

	<variable name="WPFanart">
		<value condition="!Window.IsVisible(Home) + [SubString(ListItem.Label,jpg) | SubString(ListItem.Label,png) | SubString(ListItem.Label,gif) | SubString(ListItem.Label,bmp)]">$INFO[ListItem.Art(thumb)]</value>
		<value condition="Control.IsVisible(500)">$INFO[Container(500).ListItem.Property(Fanart)]</value>
		<value condition="!Window.IsVisible(Home)">$INFO[ListItem.Art(fanart)]</value>
	</variable>

	<variable name="InitColor1">
		<value condition="!IsEmpty(Skin.String(Color.BBBg))">$INFO[Skin.String(Color.BBBg)]</value>
		<value>FF000000</value>
	</variable>

	<variable name="InitColor2">
		<value condition="!IsEmpty(Skin.String(Color.B1Txt2NF))">$INFO[Skin.String(Color.B1Txt2NF)]</value>
		<value>FF666666</value>
	</variable>

	<variable name="InitColor3">
		<value condition="!IsEmpty(Skin.String(Color.B1ItemF))">$INFO[Skin.String(Color.B1ItemF)]</value>
		<value>BBFFA600</value>
	</variable>		

	<variable name="InitColor4">
		<value condition="!IsEmpty(Skin.String(Color.B1Txt1F))">$INFO[Skin.String(Color.B1Txt1F)]</value>
		<value>FFFFFFFF</value>
	</variable>			

	<variable name="InitColor5">
		<value condition="!IsEmpty(Skin.String(Color.B1Txt1NF))">$INFO[Skin.String(Color.B1Txt1NF)]</value>
		<value>FFAAAAAA</value>
	</variable>

	<variable name="InitColor6">
		<value condition="!IsEmpty(Skin.String(Color.B1ItemNF))">$INFO[Skin.String(Color.B1ItemNF)]</value>
		<value>FF111111</value>
	</variable>			

	<variable name="InitColor7">
		<value condition="!IsEmpty(Skin.String(Color.B1Txt2F))">$INFO[Skin.String(Color.B1Txt2F)]</value>
		<value>FFDDDDDD</value>
	</variable>	

	<variable name="InitColor8">
		<value condition="!IsEmpty(Skin.String(Color.B1IconBg))">$INFO[Skin.String(Color.B1IconBg)]</value>
		<value>33000000</value>
	</variable>		

	<variable name="CategoryColor">
		<value condition="StringCompare(Window(Home).Property(MenuCategory),livetv)">$INFO[Skin.String(Color.B1ItemFTV)]</value>
		<value condition="StringCompare(Window(Home).Property(MenuCategory),videos)">$INFO[Skin.String(Color.B1ItemFVDO)]</value>
		<value condition="StringCompare(Window(Home).Property(MenuCategory),pictures)">$INFO[Skin.String(Color.B1ItemFPIC)]</value>
		<value condition="StringCompare(Window(Home).Property(MenuCategory),tvshows)">$INFO[Skin.String(Color.B1ItemFSHO)]</value>
		<value condition="StringCompare(Window(Home).Property(MenuCategory),music)">$INFO[Skin.String(Color.B1ItemFMUS)]</value>
		<value condition="StringCompare(Window(Home).Property(MenuCategory),$LOCALIZE[133])">$INFO[Skin.String(Color.B1ItemFMUS)]</value>
		<value condition="StringCompare(Window(Home).Property(MenuCategory),movies)">$INFO[Skin.String(Color.B1ItemFMOV)]</value>
		<value condition="StringCompare(Window(Home).Property(MenuCategory),programs)"></value>
		<value condition="StringCompare(Window(Home).Property(MenuCategory),settings)"></value>
		<value condition="StringCompare(Window(Home).Property(MenuCategory),13005)"></value> <!-- Power -->
		<value condition="IsEmpty(Skin.String(KOverInit))">BBFFA600</value>			
		<value>$INFO[Skin.String(Color.B1ItemF)]</value>		
	</variable>		

	<variable name="CategoryColor2">
		<value condition="!IsEmpty(Skin.String(Color.DIABg)) + !Skin.String(Color.DIABg,NONE)">$INFO[Skin.String(Color.DIABg)]</value>
		<value condition="StringCompare(Window(Home).Property(MenuCategory),livetv)">$INFO[Skin.String(Color.B1ItemFTV)]</value>
		<value condition="StringCompare(Window(Home).Property(MenuCategory),videos)">$INFO[Skin.String(Color.B1ItemFVDO)]</value>
		<value condition="StringCompare(Window(Home).Property(MenuCategory),pictures)">$INFO[Skin.String(Color.B1ItemFPIC)]</value>
		<value condition="StringCompare(Window(Home).Property(MenuCategory),tvshows)">$INFO[Skin.String(Color.B1ItemFSHO)]</value>
		<value condition="StringCompare(Window(Home).Property(MenuCategory),music)">$INFO[Skin.String(Color.B1ItemFMUS)]</value>
		<value condition="StringCompare(Window(Home).Property(MenuCategory),$LOCALIZE[133])">$INFO[Skin.String(Color.B1ItemFMUS)]</value>
		<value condition="StringCompare(Window(Home).Property(MenuCategory),movies)">$INFO[Skin.String(Color.B1ItemFMOV)]</value>
		<value condition="StringCompare(Window(Home).Property(MenuCategory),programs)"></value>
		<value condition="StringCompare(Window(Home).Property(MenuCategory),settings)"></value>
		<value condition="StringCompare(Window(Home).Property(MenuCategory),13005)"></value> <!-- Power -->
		<value>$INFO[Skin.String(Color.B1ItemF)]</value>		
	</variable>		

	<variable name="CategoryColor3">
		<value condition="!IsEmpty(Skin.String(Color.DIATxtFBg)) + !Skin.String(Color.DIATxtFBg,NONE)">$INFO[Skin.String(Color.DIATxtFBg)]</value>
		<value condition="StringCompare(Window(Home).Property(MenuCategory),livetv)">$INFO[Skin.String(Color.B1ItemFTV)]</value>
		<value condition="StringCompare(Window(Home).Property(MenuCategory),videos)">$INFO[Skin.String(Color.B1ItemFVDO)]</value>
		<value condition="StringCompare(Window(Home).Property(MenuCategory),pictures)">$INFO[Skin.String(Color.B1ItemFPIC)]</value>
		<value condition="StringCompare(Window(Home).Property(MenuCategory),tvshows)">$INFO[Skin.String(Color.B1ItemFSHO)]</value>
		<value condition="StringCompare(Window(Home).Property(MenuCategory),music)">$INFO[Skin.String(Color.B1ItemFMUS)]</value>
		<value condition="StringCompare(Window(Home).Property(MenuCategory),$LOCALIZE[133])">$INFO[Skin.String(Color.B1ItemFMUS)]</value>
		<value condition="StringCompare(Window(Home).Property(MenuCategory),movies)">$INFO[Skin.String(Color.B1ItemFMOV)]</value>
		<value condition="StringCompare(Window(Home).Property(MenuCategory),programs)"></value>
		<value condition="StringCompare(Window(Home).Property(MenuCategory),settings)"></value>
		<value condition="StringCompare(Window(Home).Property(MenuCategory),13005)"></value> <!-- Power -->
		<value>$INFO[Skin.String(Color.B1ItemF)]</value>		
	</variable>		

	<variable name="CategoryColor4">
		<value condition="!IsEmpty(Skin.String(Color.SFArrow)) + !Skin.String(Color.SFArrow,NONE)">$INFO[Skin.String(Color.SFArrow)]</value>
		<value condition="StringCompare(Window(Home).Property(MenuCategory),livetv)">$INFO[Skin.String(Color.B1ItemFTV)]</value>
		<value condition="StringCompare(Window(Home).Property(MenuCategory),videos)">$INFO[Skin.String(Color.B1ItemFVDO)]</value>
		<value condition="StringCompare(Window(Home).Property(MenuCategory),pictures)">$INFO[Skin.String(Color.B1ItemFPIC)]</value>
		<value condition="StringCompare(Window(Home).Property(MenuCategory),tvshows)">$INFO[Skin.String(Color.B1ItemFSHO)]</value>
		<value condition="StringCompare(Window(Home).Property(MenuCategory),music)">$INFO[Skin.String(Color.B1ItemFMUS)]</value>
		<value condition="StringCompare(Window(Home).Property(MenuCategory),$LOCALIZE[133])">$INFO[Skin.String(Color.B1ItemFMUS)]</value>
		<value condition="StringCompare(Window(Home).Property(MenuCategory),movies)">$INFO[Skin.String(Color.B1ItemFMOV)]</value>
		<value condition="StringCompare(Window(Home).Property(MenuCategory),programs)"></value>
		<value condition="StringCompare(Window(Home).Property(MenuCategory),settings)"></value>
		<value condition="StringCompare(Window(Home).Property(MenuCategory),13005)"></value> <!-- Power -->
		<value>$INFO[Skin.String(Color.B1ItemF)]</value>		
	</variable>		
	
	<variable name="B1Title">
		<value condition="!IsEmpty(ListItem.Title)">$INFO[ListItem.Title]</value>
		<value condition="StringCompare(ListItem.Label,..)">$LOCALIZE[210]</value>
		<value>$INFO[ListItem.Label]</value>
	</variable>
	
	<variable name="B1SubTitle">
		<value condition="Window.IsVisible(tvrecordings) + !ListItem.IsFolder">$INFO[ListItem.StartDate]$INFO[ListItem.StartTime, - ,]</value>  
		<value condition="Control.IsVisible(500)">$INFO[ListItem.Premiered,$LOCALIZE[172] ,]</value>
		<value condition="!IsEmpty(ListItem.ChannelName)">$INFO[ListItem.StartTime]$INFO[ListItem.EndTime, - ,]</value>
		<value condition="!IsEmpty(ListItem.Artist)">$INFO[ListItem.Duration,, ]$LOCALIZE[12391]</value>
		<value condition="!IsEmpty(ListItem.Episode) + Window.IsVisible(Home)">$INFO[ListItem.TVShowTitle,, . ]$INFO[ListItem.Season,$LOCALIZE[20373] , . ]$INFO[ListItem.Episode,$LOCALIZE[20359] ,]</value>
		<value condition="!Control.HasFocus(9001) + StringCompare(Container(9000).ListItem.Property(widgetType),albums)">$INFO[ListItem.Year,(,) ]$INFO[ListItem.Artist]</value>
		<value condition="!Control.HasFocus(9001) + StringCompare(Container(9000).ListItem.Property(widgetType),songs)">$INFO[ListItem.Label2]</value> 
		<value condition="Window.IsVisible(12600)">$INFO[ListItem.Property(LowTemperature),, / ]$INFO[ListItem.Property(HighTemperature),,°]</value>
		<value condition="StringCompare(ListItem.Label,..)">$LOCALIZE[13306]</value>
		<value condition="Window.IsVisible(10623) | Window.IsVisible(10618)">$INFO[ListItem.StartTime]$INFO[ListItem.EndTime, - ,]</value>
		<value condition="Window.IsVisible(10620) | Window.IsVisible(10615)">$INFO[ListItem.StartTime]$INFO[ListItem.EndTime, - ,]</value>
		<value condition="Window.IsVisible(10621) | Window.IsVisible(10616)">$INFO[ListItem.StartDate]</value>
		<value condition="Window.IsVisible(10028) + IsEmpty(ListItem.Art(tvshow.poster))">$INFO[ListItem.Duration,, $LOCALIZE[12391]]</value>
		<value condition="Window.IsVisible(10028) + !IsEmpty(ListItem.Art(tvshow.poster))">$INFO[ListItem.Episode,$LOCALIZE[20359] ,]</value>
		<value condition="StringCompare(Window(Home).Property(MenuSection),programs) + !ListItem.IsFolder">$INFO[ListItem.Label2]</value> 
		<value condition="StringCompare(Window(Home).Property(MenuSection),programs) + ListItem.IsFolder">$LOCALIZE[20334]</value>
		<value condition="Container.Content(episodes)">$INFO[ListItem.Episode,$LOCALIZE[20359] ,]</value> 
		<value condition="[Container.Content(movies) | !IsEmpty(ListItem.Director)] + !ListItem.IsFolder">$INFO[ListItem.Duration,, $LOCALIZE[12391]]</value>
		<value condition="[Container.Content(movies) | !IsEmpty(ListItem.Director)] + ListItem.IsFolder">$LOCALIZE[20457]</value>
		<value condition="Container.Content(seasons)">$INFO[ListItem.Property(UnWatchedEpisodes),, $LOCALIZE[16101]]</value> 
		<value condition="Container.Content(tvshows)">$INFO[ListItem.Property(TotalSeasons),, $LOCALIZE[33054]]</value>
		<value condition="!IsEmpty(ListItem.Episode) + Window.IsVisible(Home)">$INFO[ListItem.TVShowTitle,, . ]$INFO[ListItem.Season,$LOCALIZE[20373] , . ]$INFO[ListItem.Episode,$LOCALIZE[20359] ,]</value>
		<value condition="Container.Content(albums)">$INFO[ListItem.Year,(,) ]$INFO[ListItem.Label2]</value>
		<value condition="Container.Content(songs)"></value> 
		<value condition="Container.Content(artists) | !IsEmpty(ListItem.Artist)">$INFO[ListItem.Duration,, ]$LOCALIZE[12391]</value>
		<value condition="ListItem.IsFolder">$LOCALIZE[20334]</value>
		<value condition="!IsEmpty(ListItem.Label2)">$INFO[ListItem.Label2]</value>
		<value condition="!IsEmpty(ListItem.Date)">$INFO[ListItem.Date]</value>
	</variable>	
	
	<variable name="B2Title">
		<value condition="Control.IsVisible(500)">$INFO[Container(500).ListItem.Title]</value>
		<value condition="Window.IsVisible(12600)">$INFO[Container(50).ListItem.Property(LongDay)]</value>
		<value condition="!IsEmpty(ListItem.Title)">$INFO[ListItem.Title]</value>
		<value condition="StringCompare(ListItem.Label,..)">$LOCALIZE[210]</value>
		<value>$INFO[ListItem.Label]</value>
	</variable>
	
	<variable name="B2SubTitle">
		<value condition="Control.IsVisible(500)">$INFO[Container(500).ListItem.Genre]</value>
		<value condition="Window.IsVisible(12600)">$INFO[Window(Weather).Property(Location)]</value>
		<value condition="ListItem.HasEpg">$INFO[ListItem.ChannelName]$INFO[ListItem.Genre, - ,]</value>
		<value condition="Window.IsVisible(10615) | Window.IsVisible(10617)">$INFO[ListItem.ChannelName]</value>
		<value condition="Window.IsVisible(10621) | Window.IsVisible(10616)">$INFO[ListItem.ChannelName]</value>
		<value condition="Window.IsVisible(10623) | Window.IsVisible(10618)">$INFO[ListItem.ChannelName]</value>
		<value condition="Window.IsVisible(10028) + IsEmpty(ListItem.Art(tvshow.poster))">$INFO[ListItem.Genre]</value>
		<value condition="Window.IsVisible(10028) + !IsEmpty(ListItem.Art(tvshow.poster))">$INFO[ListItem.TVShowTitle,, . ]$INFO[ListItem.Season,$LOCALIZE[20373] ,]</value>
		<value condition="Container.Content(movies)">$INFO[ListItem.Genre]</value>
		<value condition="Container.Content(seasons)">$INFO[ListItem.Genre]</value>
		<value condition="Container.Content(tvshows)">$INFO[ListItem.Genre]</value>
		<value condition="Container.Content(episodes) | StringCompare(Container(9000).ListItem.Property(widgetType),episodes)">$INFO[ListItem.TVShowTitle,, . ]$INFO[ListItem.Season,$LOCALIZE[20373] ,]</value>
		<value condition="Container.Content(albums) | StringCompare(Container(9000).ListItem.Property(widgetType),albums)">$INFO[ListItem.Genre]</value>
		<value condition="Container.Content(songs) | StringCompare(Container(9000).ListItem.Property(widgetType),songs)">$INFO[ListItem.Album]</value> 
		<value condition="Container.Content(artists)">$INFO[ListItem.Property(Artist_Style)]</value>
		<value condition="[SubString(ListItem.Label,jpg) | SubString(ListItem.Label,png) | SubString(ListItem.Label,gif)] + !IsEmpty(ListItem.PictureDatetime)">$INFO[ListItem.PictureDatetime]</value>
		<value condition="ListItem.IsFolder">$LOCALIZE[20334]</value>
		<value condition="!IsEmpty(ListItem.Genre)">$INFO[ListItem.Genre]</value>
		<value condition="!Window.IsVisible(10615) + !Window.IsVisible(10620)">$INFO[ListItem.Label2]</value>
	</variable>	
	
	<variable name="B2Plot">
		<value condition="Control.IsVisible(500)">$INFO[Container(500).ListItem.Plot]</value>
		<value condition="Window.IsVisible(12600) + StringCompare(Container(50).CurrentItem,1)">[B]$INFO[Container(50).ListItem.Property(Outlook),,[CR]][/B]$INFO[Window(Weather).Property(Current.Temperature),$LOCALIZE[1375]: , °[CR]]$INFO[Window(Weather).Property(Current.FeelsLike),$LOCALIZE[402]: , °[CR]]$INFO[Window(Weather).Property(Current.UVIndex),$LOCALIZE[403]: ,[CR]]$INFO[Window(Weather).Property(Current.Wind),$LOCALIZE[404]: ,[CR]]$INFO[Window(Weather).Property(Current.Humidity),$LOCALIZE[406]: ,[CR]]$INFO[Window(Weather).Property(Current.DewPoint),$LOCALIZE[405]: ,[CR]]</value>
		<value condition="Window.IsVisible(12600) + !StringCompare(Container(50).CurrentItem,1)">[B]$INFO[Container(50).ListItem.Property(Outlook),,[CR]][/B]$INFO[Container(50).ListItem.Property(LowTemperature),$LOCALIZE[139] , / ]$INFO[Container(50).ListItem.Property(HighTemperature),,°[CR]]</value>
		<value condition="StringCompare(Container(9000).ListItem.Property(widgetType),weather)">[B]$INFO[ListItem.Property(Location)][CR][/B]$INFO[ListItem.Property(Outlook)]</value>
		<value condition="ListItem.HasEpg">$INFO[ListItem.Plot]</value>
		<value condition="Container.Content(movies) + IsEmpty(ListItem.Plot)">$INFO[Window(Home).Property(SkinHelper.MovieSet.Title)]</value>
		<value condition="Container.Content(movies)">$INFO[ListItem.Plot]</value>
		<value condition="Container.Content(seasons)">$INFO[ListItem.Plot]</value> 
		<value condition="Container.Content(tvshows)">$INFO[ListItem.Plot]</value>
		<value condition="Container.Content(episodes)">$INFO[ListItem.Plot]</value>
		<value condition="Container.Content(albums) | StringCompare(Container(9000).ListItem.Property(widgetType),albums)">$INFO[ListItem.Property(Album_Description)]</value>
		<value condition="Container.Content(songs) | StringCompare(Container(9000).ListItem.Property(widgetType),songs)">$INFO[ListItem.Year,$LOCALIZE[345] , [CR]]$INFO[ListItem.TrackNumber,$LOCALIZE[554] , [CR]]$INFO[ListItem.DiscNumber,$LOCALIZE[427] , [CR]]$INFO[ListItem.Genre,$LOCALIZE[515] , [CR]]</value> 
		<value condition="Container.Content(artists)">$INFO[ListItem.Property(Artist_Description)]</value>
		<value condition="SubString(ListItem.Label,jpg) | SubString(ListItem.Label,png) | SubString(ListItem.Label,gif) | SubString(ListItem.Label,bmp)">$INFO[ListItem.PictureResolution,$LOCALIZE[169] , [CR]]$INFO[ListItem.PictureCountry,$LOCALIZE[574] , [CR]]$INFO[ListItem.PictureCity,$LOCALIZE[21873] , [CR]]$INFO[ListItem.PictureISO,$LOCALIZE[21836] , [CR]]$INFO[ListItem.PictureAperture,$LOCALIZE[21826] , [CR]]$INFO[ListItem.PictureCamMake,$LOCALIZE[21822] , [CR]]$INFO[ListItem.PictureCamModel,$LOCALIZE[21823] , [CR]]$INFO[ListItem.PictureFlashUsed,$LOCALIZE[21833] , [CR]]$INFO[ListItem.PictureDigitalZoom,$LOCALIZE[21838] , [CR]]$INFO[ListItem.PictureAperture,$LOCALIZE[21826] , [CR]]$INFO[ListItem.PictureExposure,$LOCALIZE[21829] , [CR]]$INFO[ListItem.PictureExpMode,$LOCALIZE[21830] , [CR]]$INFO[ListItem.PictureExpTime,$LOCALIZE[21832] , [CR]]$INFO[ListItem.PictureFocalLen,$LOCALIZE[21827] , [CR]]</value>
		<value condition="Container.Content(addons)">$INFO[ListItem.Property(Addon.Description)]</value>
		<value condition="!Window.IsVisible(10615) + !Window.IsVisible(10620)">$INFO[ListItem.Plot]</value>
	</variable>	
	
	<variable name="B2InfoSup">
		<value condition="Control.IsVisible(500)">$INFO[Container(500).ListItem.Year]</value>
		<value condition="!IsEmpty(ListItem.Property(ChannelName))">$INFO[ListItem.Duration]</value>
		<value condition="Window.IsVisible(12600)">$INFO[Window(Weather).Property(WeatherProvider)]</value>
		<value condition="ListItem.HasEpg">$INFO[ListItem.Duration]</value>
		<value condition="Window.IsVisible(10621) | Window.IsVisible(10616)">$INFO[ListItem.StartTime]$INFO[ListItem.Duration, (,)]</value>
		<value condition="Window.IsVisible(10623) | Window.IsVisible(10618)">$INFO[ListItem.StartTime]$INFO[ListItem.Duration, (,)]</value>
		<value condition="Window.IsVisible(10028) + IsEmpty(ListItem.Art(tvshow.poster))">$INFO[ListItem.Duration,, $LOCALIZE[12391]]</value>
		<value condition="Window.IsVisible(10028) + !IsEmpty(ListItem.Art(tvshow.poster))">$INFO[ListItem.Episode,$LOCALIZE[20359] ,]</value>
		<value condition="Container.Content(movies)">$INFO[ListItem.Duration,, $LOCALIZE[12391]]</value>
		<value condition="Container.Content(seasons)">$INFO[ListItem.Property(UnWatchedEpisodes),, $LOCALIZE[16101]]</value> 
		<value condition="Container.Content(tvshows)">$INFO[ListItem.Property(TotalSeasons),, $LOCALIZE[33054]]</value>
		<value condition="Container.Content(episodes)">$INFO[ListItem.Episode,$LOCALIZE[20359] ,]</value>
		<value condition="Container.Content(albums)"></value>
		<value condition="Container.Content(songs)"></value> 
		<value condition="Container.Content(artists)"></value>
		<value condition="!Window.IsVisible(10615) + !Window.IsVisible(10620)">$INFO[ListItem.Label2]</value>
	</variable>	
	
	<variable name="B3Art">
		<value condition="Control.IsVisible(500)">$INFO[Container(500).ListItem.Property(Fanart_small)]</value>
		<value condition="Window.IsVisible(12600)">$INFO[Container(50).ListItem.Art(thumb)]</value>
		<value condition="Window.IsVisible(tvguide) + !Skin.HasSetting(SkinHelper.EnablePVRThumbs)">$INFO[ListItem.Icon]</value>
		<value condition="!IsEmpty(ListItem.ChannelName) + !IsEmpty(ListItem.Title) + !Skin.HasSetting(SkinHelper.EnablePVRThumbs)">$INFO[Container($PARAM[Id]).ListItem.Icon]</value>
		<value condition="Window.IsVisible(tvguide)">http://localhost:52307/getpvrthumb&amp;title=$INFO[ListItem.Title]&amp;channel=$INFO[ListItem.ChannelName]&amp;type=fanart,thumb</value>
		<value condition="!IsEmpty(ListItem.ChannelName) + !IsEmpty(ListItem.Title)">http://localhost:52307/getpvrthumb&amp;title=$INFO[Container($PARAM[Id]).ListItem.Title]&amp;channel=$INFO[Container($PARAM[Id]).ListItem.ChannelName]&amp;type=fanart,thumb</value>
		<value condition="Container.Content(episodes) + !ListItem.IsFolder">$INFO[ListItem.Icon]</value>
		<value condition="SubString(ListItem.Label,jpg) | SubString(ListItem.Label,png) | SubString(ListItem.Label,gif) | SubString(ListItem.Label,bmp)">$INFO[Container($PARAM[Id]).ListItem.Art(thumb)]</value>
		<value condition="!IsEmpty(ListItem.Art(fanart))">$INFO[ListItem.Art(fanart)]</value>
		<value condition="IsEmpty(ListItem.Art(fanart)) + ListItem.IsFolder + !IsEmpty(Window(Home).Property(MenuArt))">$INFO[Window(Home).Property(MenuArt)]</value>
		<value condition="IsEmpty(ListItem.Art(fanart))">$INFO[Window(Home).Property(MenuArt)]</value>
		<value>$INFO[Window(Home).Property(MenuArt)]</value>
	</variable>	
	
	<variable name="B3Tag">
		<value condition="Control.IsVisible(500)">$INFO[Container(500).ListItem.Title]$INFO[Container(500).ListItem.Property(TotalSeasons), . $LOCALIZE[20373] , . ]$INFO[Container(500).ListItem.Property(TotalEpisodes),$LOCALIZE[20359] ,]</value>
		<value condition="Window.IsVisible(12600)">$INFO[Container(50).ListItem.Property(LongDay),,: ]$INFO[Container(50).ListItem.Property(Outlook)]</value>
		<value condition="Window.IsVisible(10028) + IsEmpty(ListItem.Art(tvshow.poster))">$INFO[ListItem.Tagline]</value>
		<value condition="Window.IsVisible(10028) + !IsEmpty(ListItem.Art(tvshow.poster))">$INFO[ListItem.Episode,$LOCALIZE[20359] ,]</value>
		<value condition="Window.IsVisible(10500)">$INFO[ListItem.Artist]</value>
		<value condition="Container.Content(movies) + !ListItem.IsFolder">$INFO[ListItem.Tagline]</value>
		<value condition="Container.Content(movies) + ListItem.IsFolder">$LOCALIZE[20457]</value>
		<value condition="Container.Content(tvshows)">$INFO[ListItem.TVShowTitle,, . ]$INFO[ListItem.Season,$LOCALIZE[20373] , . ]$INFO[ListItem.Episode,$LOCALIZE[20359] ,]</value>
		<value condition="Container.Content(episodes)">$INFO[ListItem.Episode,$LOCALIZE[20359] ,]</value>
		<value condition="Container.Content(movies)">$INFO[ListItem.Tagline]</value>
		<value condition="Container.Content(albums)">$INFO[ListItem.Year,(,) ]$INFO[ListItem.Label2]</value>
		<value condition="Container.Content(songs)">$INFO[ListItem.Artist]</value> 
		<value condition="Container.Content(artists)"></value>
		<value condition="Container.Content(addons)">$INFO[ListItem.Property(Addon.Summary)]</value>
		<value>$INFO[ListItem.Label]</value>
	</variable>		

<!-- Common var for Viewtypes -->

	<variable name="ThumbTV">
		<value condition="!IsEmpty(ListItem.Property(ChannelIcon))">$INFO[ListItem.Property(ChannelIcon)]</value>
		<value condition="!IsEmpty(ListItem.ActualIcon)">$INFO[ListItem.ActualIcon]</value>
		<value>material/tv.png</value>
	</variable>

	<variable name="ThumbIcon">
		<value condition="Container.Content(addons) + ListItem.IsFolder">$INFO[ListItem.ActualIcon]</value>
		<value condition="Container.Content(plugins) + ListItem.IsFolder">$INFO[ListItem.ActualIcon]</value>
		<value>$INFO[ListItem.Icon]</value>		
	</variable>

	<variable name="ThumbBanner">
		<value condition="!IsEmpty(ListItem.Art(banner))">$INFO[ListItem.Art(banner)]</value>
		<value condition="IsEmpty(ListItem.Art(banner)) + Container.Content(seasons)">$INFO[ListItem.Art(tvshow.banner)]</value>
		<value condition="Container.Content(movies) | Container.Content(tvshows) | Container.Content(seasons)">$INFO[ListItem.Art(fanart)]</value>
	</variable>	

	<variable name="ThumbPortrait">
		<value condition="!IsEmpty(ListItem.ChannelName) + !IsEmpty(ListItem.Title)">http://localhost:52307/getpvrthumb&amp;title=$INFO[ListItem.Title]&amp;channel=$INFO[ListItem.ChannelName]&amp;type=poster,fanart,thumb</value>
		<value condition="!IsEmpty(ListItem.Art(poster)) + IsEmpty(ListItem.ChannelName)">$INFO[ListItem.Art(poster)]</value>
		<value condition="!SubString(ListItem.Art(thumb),Default) + IsEmpty(ListItem.ChannelName) + !IsEmpty(Container.Content)">$INFO[ListItem.Art(thumb)]</value>
		<value condition="SubString(ListItem.Label,jpg) | SubString(ListItem.Label,png) | SubString(ListItem.Label,gif) | SubString(ListItem.Label,bmp)">$INFO[ListItem.Art(thumb)]</value>
		<value condition="!IsEmpty(ListItem.Property(LongDay))">$INFO[ListItem.Art(thumb)]</value>
		<value condition="!IsEmpty(ListItem.Art(thumb)) + !SubString(ListItem.Art(thumb),Default) + !ListItem.IsFolder">$INFO[ListItem.Art(thumb)]</value>  
		<value condition="!IsEmpty(ListItem.Art(thumb)) + !ListItem.IsFolder">$INFO[ListItem.Icon]</value>  
	</variable>
	
	<variable name="ThumbLandscape">
		<value condition="!IsEmpty(ListItem.ChannelName) + !IsEmpty(ListItem.Title)">http://localhost:52307/getpvrthumb&amp;title=$INFO[ListItem.Title]&amp;channel=$INFO[ListItem.ChannelName]&amp;type=fanart,thumb</value>
		<value condition="[IsEmpty(ListItem.Art(fanart)) + !ListItem.IsFolder] | [!IsEmpty(ListItem.Episode) + !ListItem.IsFolder] | Container.Content(episodes)">$INFO[ListItem.Art(thumb)]</value>
		<value>$INFO[ListItem.Art(fanart)]</value>
	</variable>

	<variable name="PVRChannelIcon">
		<value condition="ListItem.IsEncrypted">pvr/encrypted.png</value>
		<value>$INFO[ListItem.Art(thumb)]</value>
	</variable>

	<variable name="PlayerStatus">
		<value condition="Player.Playing + Window.IsActive(seekbar)">$LOCALIZE[575]</value>
		<value condition="Player.Paused + Window.IsActive(seekbar)">$INFO[Player.Title,$LOCALIZE[112] - ,]</value>
		<value condition="Player.Forwarding2x">x2</value>
		<value condition="Player.Forwarding4x">x4</value>
		<value condition="Player.Forwarding8x">x8</value>
		<value condition="Player.Forwarding16x">x16</value>
		<value condition="Player.Forwarding32x">x32</value>
		<value condition="Player.Rewinding2x">x2</value>
		<value condition="Player.Rewinding4x">x4</value>
		<value condition="Player.Rewinding8x">x8</value>
		<value condition="Player.Rewinding16x">x16</value>
		<value condition="Player.Rewinding32x">x32</value>
	</variable>
	
	<variable name="PlayerStatusIcon">
		<value condition="Player.Forwarding">osd/ffwd.png</value>
		<value condition="Player.Rewinding">osd/rewind.png</value>
		<value condition="Player.Playing">osd/play.png</value>
		<value condition="Player.Paused">osd/pause.png</value>
	</variable>

</includes>