<?xml version="1.0" encoding="utf-8"?><shortcuts>
	<shortcut>
		<action>ActivateWindow(MusicLibrary,Artists,return)</action>
		<label>133</label>
		<label2>32019</label2>
		<defaultID>133</defaultID>
		<icon>DefaultMusicArtists.png</icon>
		<thumb/>
	</shortcut>
	<shortcut>
		<action>ActivateWindow(MusicLibrary,Albums,return)</action>
		<label>132</label>
		<label2>32019</label2>
		<defaultID>132</defaultID>
		<icon>DefaultMusicAlbums.png</icon>
		<thumb/>
	</shortcut>
	<shortcut>
		<action>ActivateWindow(MusicLibrary,Songs,return)</action>
		<label>134</label>
		<label2>32019</label2>
		<defaultID>134</defaultID>
		<icon>DefaultMusicSongs.png</icon>
		<thumb/>
	</shortcut>
	<shortcut>
		<action>ActivateWindow(MusicFiles)</action>
		<label>744</label>
		<label2>32019</label2>
		<defaultID>744</defaultID>
		<icon>DefaultFolder.png</icon>
		<thumb/>
	</shortcut>
	<shortcut>
		<action>ActivateWindow(MusicLibrary,MusicLibrary,return)</action>
		<label>15100</label>
		<label2>32019</label2>
		<defaultID>15100</defaultID>
		<icon>DefaultFolder.png</icon>
		<thumb/>
	</shortcut>
	<shortcut>
		<action>ActivateWindow(MusicLibrary,Addons,return)</action>
		<label>1038</label>
		<label2>32019</label2>
		<defaultID>1038</defaultID>
		<icon>DefaultAddonMusic.png</icon>
		<thumb/>
	</shortcut>
</shortcuts>