<?xml version="1.0" encoding="utf-8"?><shortcuts>
	<shortcut>
		<action>ActivateWindow(Videos,videodb://movies/titles/,return)</action>
		<label>556</label>
		<label2>342</label2>
		<defaultID>movies</defaultID>
		<icon>DefaultMovies.png</icon>
		<thumb/>
	</shortcut>
	<shortcut>
		<action>ActivateWindow(Videos,videodb://tvshows/titles/,return)</action>
		<label>556</label>
		<label2>20343</label2>
		<defaultID>tvshows</defaultID>
		<icon>DefaultTVShows.png</icon>
		<thumb/>
	</shortcut>
	<shortcut>
		<action>ActivateWindow(Videos,videodb://musicvideos/titles/,return)</action>
		<label>556</label>
		<label2>20389</label2>
		<defaultID>musicvideos</defaultID>
		<icon>DefaultMusicVideos.png</icon>
		<thumb/>
	</shortcut>
	<shortcut>
		<action>ActivateWindow(10025,library://video/inprogressshows.xml,Return)</action>
		<label>575</label>
		<label2>20343</label2>
		<defaultID>626</defaultID>
		<icon>DefaultInProgressShows.png</icon>
		<thumb/>
	</shortcut>
	<shortcut>
		<action>ActivateWindow(10025,&quot;library://video/movies/genres.xml/&quot;,return)</action>
		<label>135</label>
		<label2>342</label2>
		<defaultID/>
		<icon>DefaultGenre.png</icon>
		<thumb/>
	</shortcut>
	<shortcut>
		<action>ActivateWindow(10025,&quot;library://video/tvshows/genres.xml/&quot;,return)</action>
		<label>135</label>
		<label2>20343</label2>
		<defaultID/>
		<icon>DefaultGenre.png</icon>
		<thumb/>
	</shortcut>
	<shortcut>
		<action>ActivateWindow(Videos,Addons,return)</action>
		<label>24001</label>
		<label2>3</label2>
		<defaultID>1037</defaultID>
		<icon>DefaultAddon.png</icon>
		<thumb/>
	</shortcut>
	<shortcut>
		<action>ActivateWindow(Videos,Files,return)</action>
		<label>744</label>
		<label2>3</label2>
		<defaultID>744</defaultID>
		<icon>DefaultFile.png</icon>
		<thumb/>
	</shortcut>
</shortcuts>