<?xml version="1.0" encoding="UTF-8" standalone="yes"?>
<addon id="script.gesture.controller" name="Gesture Controller" version="1.0" provider-name="RIPLi">
	<requires>
		<import addon="xbmc.python" version="2.14.0"/>
	</requires>
	<extension point="xbmc.python.script" library="addon.py">
		<provides>executable</provides>
	</extension>
	<extension point="xbmc.addon.metadata">
		<platform>all</platform>
		<summary lang="en">Gesture Controller</summary>
		<description lang="en">Addon to control kodi witk kinect and myo</description>
		<license>GNU General Public License, v2</license>
		<language></language>
		<website>github.com/WoYaDo</website>
		<email></email>
		<assets>
			<icon>icon.png</icon>
		</assets>
	</extension>
</addon>
