<?xml version="1.0" encoding="utf-8"?><shortcuts>
	<shortcut>
		<action>ActivateWindow(FileManager)</action>
		<label>7</label>
		<label2>32034</label2>
		<defaultID>7</defaultID>
		<icon>DefaultFolder.png</icon>
		<thumb/>
	</shortcut>
	<shortcut>
		<action>ActivateWindow(Profiles)</action>
		<label>13200</label>
		<label2>32034</label2>
		<defaultID>13200</defaultID>
		<icon>UnknownUser.png</icon>
		<thumb/>
	</shortcut>
	<shortcut>
		<action>ActivateWindow(SystemInfo)</action>
		<label>10007</label>
		<label2>32034</label2>
		<defaultID>10007</defaultID>
		<icon>DefaultShortcut.png</icon>
		<thumb/>
	</shortcut>
</shortcuts>